<?xml version="1.0" encoding="utf-8"?>
<feed xmlns="http://www.w3.org/2005/Atom">

  <title><![CDATA[分类: reveal.js | 小明明s à domicile]]></title>
  <link href="http://www.dongwm.com/blog/categories/reveal-dot-js/atom.xml" rel="self"/>
  <link href="http://www.dongwm.com/"/>
  <updated>2014-12-07T21:37:47+08:00</updated>
  <id>http://www.dongwm.com/</id>
  <author>
    <name><![CDATA[Dongweiming]]></name>
    
  </author>
  <generator uri="http://octopress.org/">Octopress</generator>

  
  <entry>
    <title type="html"><![CDATA[仿slid.es的在线PPT编辑网站]]></title>
    <link href="http://www.dongwm.com/archives/a-web-based-reveal.js-online-PPT/"/>
    <updated>2013-05-25T12:22:00+08:00</updated>
    <id>http://www.dongwm.com/archives/a-web-based-reveal.js-online-PPT</id>
    <content type="html"><![CDATA[<h4 id="section">前言</h4>

<p><a href="https://slid.es">slid.es</a>是我最喜欢的前端之一<a href="https://github.com/hakimel">hakimel</a>的作品，前身叫做rvl.io, 网站已经改版。源于去年年底在上家公司做年终总结PPT，对我这种不搞office，没有美感的小程序员太痛苦了，然后就找到了<a href="https://github.com/hakimel/reveal.js">reveal.js</a>, 后来萌发做个基于它的网站, 其实也是为了练手学习mongoengine和oauth</p>

<p>项目地址 <a href="https://github.com/dongweiming/flask_reveal">flask_reveal</a></p>

<h4 id="section-1">它能做什么</h4>

<ul>
  <li>保存漂亮的在线PPT(我认为的)</li>
  <li>记录浏览次数</li>
  <li>多种主题和字体</li>
  <li>可以把PPT私有化(默认是公开的)</li>
  <li>自动保存修改</li>
  <li>支持Bitbucket/Google/Github/Instagram/Linkdln/Trello/Tumblr/Stackoverflow oauth/oauth2登陆</li>
  <li>PPT预览</li>
</ul>

<h4 id="section-2">使用了什么</h4>

<ul>
  <li>flask</li>
  <li>mongoengine (忍不了非orm)</li>
  <li>flask-script (像django那样的命令行启动)</li>
  <li>前端js借用我做喜欢的原作者的90%，然后根据我的需要改动，css基本没动</li>
  <li><a href="https://github.com/omab/python-social-auth">python-social-auth</a>的oauth后端，但是它使用的是flask+sqlalchemy，不支持flask+mongoengine，我改写了这部分</li>
</ul>

<h4 id="usage">Usage</h4>

<p>设置hosts文件</p>

<p>唉，本来申请了很多oauth想放在sae上面，但是遗憾的是新浪不支持，所以只能本地加hosts，让验证后的回调正确返回 linux 在你的/etc/hosts 文件里面添加一行</p>

<p><code>
YOURIP   YOURDOMAIN
</code></p>

<p>复制配置文件然后把你注册的ouauth放进去</p>

<p><code>
cp settings.py.example settings.py
</code></p>

<p>象django那样启动</p>

<p><code>
python manage.py runserver -t 0.0.0.0 -p 80
</code></p>

<p>And 访问主页<code>http://revealcn.sinaapp.com</code></p>

<h4 id="nginxuwsgi">使用nginx+uwsgi</h4>

<p>这里是我的配置nginx的这段（假设你git clone 后在/home/dongwm/flask_reveal）</p>

<p>```
server {
		listen 80;
		server_name revealcn.sinaapp.com;</p>

<pre><code>	access_log /var/log/nginx/revealcn.access_log main;
	error_log /var/log/nginx/revealcn.error_log info;
	location / {
            include uwsgi_params;
            uwsgi_pass unix:///tmp/uwsgi.sock;
    	}
	location /zongjie {
	root   /home/dongwm/flask_reveal;
	index index.html;
	}
}
</code></pre>

<p>```</p>

<p>uwsgi的xml配置</p>

<p>```</p>
<uwsgi>
     <pythonpath>/home/dongwm/flask_reveal</pythonpath>
     <module>manage</module>
     <socket>/tmp/uwsgi.sock</socket>    
    <callable>manager</callable>
     <master />
     <processes>4</processes>       
     <memory-report />
</uwsgi>
<p>```</p>

<p>这里有个坑，我的gentoo的uwsgi安装后是有插件的，你需要这样启动</p>

<p><code>
uwsgi_python27 -x uwsgi.xml 
</code></p>

]]></content>
  </entry>
  
</feed>
