<?xml version="1.0" encoding="utf-8"?>
<feed xmlns="http://www.w3.org/2005/Atom">

  <title><![CDATA[分类: 操作系统 | 小明明s à domicile]]></title>
  <link href="http://www.dongwm.com/blog/categories/cao-zuo-xi-tong/atom.xml" rel="self"/>
  <link href="http://www.dongwm.com/"/>
  <updated>2014-12-07T21:37:47+08:00</updated>
  <id>http://www.dongwm.com/</id>
  <author>
    <name><![CDATA[Dongweiming]]></name>
    
  </author>
  <generator uri="http://octopress.org/">Octopress</generator>

  
  <entry>
    <title type="html"><![CDATA[fedora ubuntu 添加对方grub菜单]]></title>
    <link href="http://www.dongwm.com/archives/fedora-ubuntu-%E6%B7%BB%E5%8A%A0%E5%AF%B9%E6%96%B9grub%E8%8F%9C%E5%8D%95/"/>
    <updated>2011-05-01T00:00:00+08:00</updated>
    <id>http://www.dongwm.com/archives/fedora-ubuntu-添加对方grub菜单</id>
    <content type="html"><![CDATA[<p><strong>这几天折腾ubuntu11.04，结果把我的opensuse弄坏了...索性直接换成了fedora。乘机研究了下grub2，以及各个操作系统之间的启动菜单的一些特性。
1 先fedora，后ubuntu
进入ubuntu系统：
<pre class="sh_bash">sudo grub-install /dev/sda //安装grub到硬盘mbr，一般系统会自动搜索到
sudo update-grub2  //更新grub.cfg</pre>
进入ubuntuliveCD：
<pre class="sh_bash">sudo su
mount /dev/sdaX /mnt //挂载系统文件 我这里是根分区
mount /dev/sdaY /tmp/boot  //挂载boot分区
cp -rp /tmp/boot/* /mnt/boot //我直接挂载/mnt/boot有问题，所以用这种简介方式，把/boot文件考到/mnt/boot下
grub-install --root-directory=/mnt /dev/sda --force   //强制安装grub到硬盘mbr root目录是指定的/mnt
update-grub2  //更新grub.cfg
注：mbr信息可以执行如下脚本取得：
http://nchc.dl.sourceforge.net/project/bootinfoscript/bootinfoscript/0.55/boot_info_script055.sh

<p><strong>
</strong></p>

<p><strong>2 先</strong><strong>ubuntu</strong><strong>，后</strong><strong>fedora</strong></p>

<p><pre class="sh_bash">sudo gedit /boot/grub/menu.lst
title Ubuntu
root (hd0,9)  //根目录所在分区，根据上面的脚本自己调整
kernel /vmlinuz-2.6.38-8-generic root=UUID=7319d96d-4c6e-4e00-84b4-f5ed70052456 ro   quiet splash vt.handoff=7
可以直接把ubuntu分区上的grub.cfg上的相同字段 linux 行的内容复制
initrd /initrd.img-2.6.38-8-generic //复制ubuntu分区上的grub.cfg上的相同字段 /initrd 内容</pre></p>
</pre></strong></p>
]]></content>
  </entry>
  
</feed>
