<?xml version="1.0" encoding="utf-8"?>
<feed xmlns="http://www.w3.org/2005/Atom">

  <title><![CDATA[分类: markdown | 小明明s à domicile]]></title>
  <link href="http://www.dongwm.com/blog/categories/markdown/atom.xml" rel="self"/>
  <link href="http://www.dongwm.com/"/>
  <updated>2014-12-07T21:37:47+08:00</updated>
  <id>http://www.dongwm.com/</id>
  <author>
    <name><![CDATA[Dongweiming]]></name>
    
  </author>
  <generator uri="http://octopress.org/">Octopress</generator>

  
  <entry>
    <title type="html"><![CDATA[使用docopt/schema:markdown文件直接发送支持python语法的邮件]]></title>
    <link href="http://www.dongwm.com/archives/shi-yong-docopt-slash-schema-markdownwen-jian-zhi-jie-fa-song-you-jian/"/>
    <updated>2013-05-13T17:42:00+08:00</updated>
    <id>http://www.dongwm.com/archives/shi-yong-docopt-slash-schema-markdownwen-jian-zhi-jie-fa-song-you-jian</id>
    <content type="html"><![CDATA[<h2 id="section">前言</h2>

<ol>
  <li>工作经常写一些东西发邮件，但是渐渐的已经用markdown写东西，每次很纠结，</li>
  <li>而且还需要我打开邮箱，然后balabala，比如我还要在后面加入公司和自己的一些信息</li>
  <li>经常邮件或者html都带有python的源码段，想要一个支持python语法的css显示效果</li>
</ol>

<h2 id="section-1">使用的模块</h2>

<ul>
  <li><a href="https://github.com/docopt/docopt">docopt</a>  Pythonic的命令行函数解析，只需要把显示的参数列表放在__doc__</li>
  <li><a href="https://github.com/halst/schema">schema</a> Pythonic的数据结构验证，不需要那么多的异常处理</li>
  <li><a href="https://pypi.python.org/pypi/Markdown/2.3.1">markdown</a> </li>
  <li><a href="https://pypi.python.org/pypi/PyYAML/3.10">PyYAML</a>  解析yaml文件</li>
  <li><a href="https://pypi.python.org/pypi/Pygments/1.6">pygments</a> 借用它对python语法的一些正则匹配</li>
  <li><a href="https://github.com/kennethreitz/requests">requests</a> 我没有自己实现css，css可以本地自己自定义，也可以从网站下载，这里去爬网站的css文件</li>
</ul>

<p>PS:安装这些可以 </p>

<p><code>
sudo easy_install schema docopt markdown pygments pyyaml
</code></p>

<h2 id="section-2">功能</h2>

<ul>
  <li>支持python语法</li>
  <li>支持本地有配置文件，不需要命令行balabala那么多(使用yaml)</li>
  <li>支持多种颜色方案，方案可选项: pygments-css</li>
  <li>支持本地自定义css(默认去这个网站爬回来)</li>
  <li>支持中文</li>
  <li>支持自定义html模板文件，比如我们公司邮件下部的联系方式等说明，可以放在模板邮件里面</li>
  <li>可以不发送邮件，只保留和加了css后的html到本地文件</li>
</ul>

<h2 id="section-3">使用举例</h2>

<ol>
  <li>默认模式</li>
</ol>

<p><code>python
python MarkPygments.py  --mailto mailto@qq.com,mailto2@qq.com  -s 标题 --mailserver smtp.exmail.qq.com -u youremailname 
-p yourpassword   --cc cc@qq.com whatever.md --template template.html
</code></p>

<ol>
  <li>使用本地yaml配置，配置如下, 配置中没有能命令行选项找，配置和终端都有会使用中有文件配置
这是yaml文件的内容：</li>
</ol>

<p><code>python
markemail:
    --theme: autumn
    --username: XX 
    --password: YY
    --mailserver: smtp.exmail.qq.com
    --mailto: to1@qq.com,to2@qq.com
    --subject: '周报'
</code></p>

<p>然后这样使用：</p>

<p><code>python
python MarkPygments.py --config ~/.config.yaml whatever.md --template template.html
</code></p>

<ol>
  <li>使用本地css目录下的css， 不发送邮件只保存html到本地文件</li>
</ol>

<p><code>python
python MarkPygments.py --config ~/.config.yaml whatever.md --template template.html 
-o out.html --local pygments-css
</code></p>

<p>这里是代码，或者你可以去看<a href="https://github.com/orzrd/mytools/blob/master/MarkPygments.py">MarkPygments.py</a></p>

<p>```python
# coding=utf-8
‘’’
Usage:
MarkPygments.py [options] MDFILE
MarkPygments.py [options] –local <cssdir> MDFILE
MarkPygments.py [options] --config <yamlfile> MDFILE</yamlfile></cssdir></p>

<p>Arguments:
MDFILE the markdown file
-u –username user your email name
-p –password pass your email login password
-mt –mailto tolist mailto list
–theme theme css style for python syntax [default: monokai]
-s –subject subject email’s subject
–mailserver server mail server [default: smtp.exmail.qq.com]</p>

<p>Options:
-h –help show this help message and exit
–version show version and exit
–config yamlfile config yaml file path (e.g. .config.yaml)
–local cssdir use local custom css dir
-o –output [outhtml] make output to html file
-c –cc list cc list
–template html template html</p>

<p>’’’</p>

<p>import os
import re
import codecs
import smtplib
from email.mime.text import MIMEText
from email.mime.multipart import MIMEMultipart
import markdown
from docopt import docopt
from schema import Schema, And, Or, Use, SchemaError</p>

<p>def log(message, error=False):
    ‘'’终端输出log’’’
    color = 31 if error else 32
    print ‘\x1B[1;{0}m * {1}\x1B[0m’.format(color, message)</p>

<p>def regex():
    ‘'’借用pygments对python语法的实现以及自己实现的正则’’’
    from pygments.lexers import PythonLexer
    dict = {}
    lex = PythonLexer()
    token = lex.tokens
    l = [‘keywords’, ‘builtins’]
    for i in l:
        dict[i[:2]] = token[i][0][0]
    dict[‘fu’] = ‘.<em>(def)\W+(.</em>)((.<em>))’
    dict[‘cl’] = ‘.</em>(?!&lt;span)(class)(?!=)\W+(?!=)(.<em>)((.</em>))’
    dict[‘fm’] = ‘.<em>(from)\W+(.</em>)\W+(import)\W+(.<em>)’
    dict[‘im’] = ‘.</em>(import)\W{,\4}(.*)’
    return dict</p>

<p>def sendMail(mailserver, username, password, tolist, subject, msg, cc=[]):
    ‘'’发送邮件’’’
    def makeEmail(content):</p>

<pre><code>    msg = MIMEMultipart()
    msg['Subject'] = subject
    msg['From'] = username
    msg['To'] = ','.join(tolist)
    if cc:
        msg['Cc'] = ','.join(cc)
    html_part = MIMEText(content, 'html', 'utf-8')
    msg.attach(html_part)
    return msg
try:

    smtp = smtplib.SMTP()
    log('Connect to {0}'.format(mailserver))
    smtp.connect(mailserver, 25)
    smtp.login(username, password)
    log('Login Success with {0}'.format(username))
    log('To send this Email...')
    if cc:
        smtp.sendmail(username, tolist + cc, makeEmail(msg).as_string())
    else:
        smtp.sendmail(username, tolist, makeEmail(msg).as_string())
    log('Send Success')
except Exception, e:
    log(e, error=True)
</code></pre>

<p>def paserYaml(yamlfile):
    ‘'’解析yaml文件配置’’’
    import yaml
    return yaml.load(open(yamlfile)).get(‘markemail’, {})</p>

<p>def check_email(emails):
    ‘'’检查选项是否是邮件格式’’’
    print emails
    regex = r’’’^[_a-z0-9-]+(.[a-z0-9-]+)<em>@[a-z0-9-]+
(.[a-z0-9-]+)</em>(.[a-z]{2,3})$’’’
    rst = map(lambda n: True if re.compile(
        regex).match(n) else False, emails.split(‘,’))
    return True if False not in rst else False</p>

<p>def colorClass():
    ‘'’pygments-css对语法的class对应字典’’’
    return dict(
        cl=[‘k’, ‘nc’, ‘nb’],
        fu=[‘k’, ‘nf’, ‘bp’],
        fm=[‘nd’, ‘vi’, ‘nd’, ‘vi’],
        im=[‘nd’, ‘mi’],
        ke=[‘kd’],
        bu=[‘vc’]
    )</p>

<p>class cssStyle(object):</p>

<pre><code>'''获取css设置'''
def __init__(self, style, *args):

    self.style = style
    self.args = args

def fusionCss(self, csshtml):

    css = '&lt;style type="text/css"&gt;'
    css += '.codehilite {border: 2px solid rgb(225, 225, 225)}'
    css += csshtml
    css += '&lt;/style&gt;'
    return css

def local(self, cssdir, theme):
    '''从本地css文件'''
    log('Fetch css from local dir:{0}'.format(cssdir))
    with open('{0}/{1}.css'.format(cssdir, theme)) as f:
        css = f.read().strip()
    return self.fusionCss(css)

def crawler(self, theme):
    '''去这个网站爬回来'''
    import requests
    log('Fetch css from site:igniteflow.com')
    r = requests.get(
        'http://igniteflow.com/static/css/pygments/{0}.css'.format(theme))
    return self.fusionCss(r.text.strip())

def main(self):

    return getattr(self, self.style)(*self.args)
</code></pre>

<p>class FabricHtml(object):</p>

<pre><code>def __init__(self, md, css):

    self.css = css
    self.md_html = self.makeToHtml(md)

def makeToHtml(self, md):

    log('Markdown converted into html')
    input_file = codecs.open(md, mode="r", encoding="utf-8")
    text = input_file.read()
    return markdown.markdown(text)

def AddCssToHtml(self, html, css_html):
    '''增加css的style'''
    ohtml = css_html
    c = html.split('```')
    inc = 0
    ohtml += c[0]
    for inc in range(1, len(c[1:]) + 1):
        if inc % 2:
            ohtml += '&lt;div class="codehilite"&gt;'
        else:
            ohtml += '&lt;/div&gt;'
        ohtml += c[inc]
        inc += 1
    return ohtml

def makeSpan(self, html, c):
    '''构造span包含符合的语法块'''
    if not html:
        return ''

    return '&lt;span class="{0}"&gt;{1}&lt;/span&gt;'.format(c, html)

def markHtml(self, h):
    '''给html加python语法的颜色css'''
    for k, v in regex().items():
        args = colorClass()[k]
        m = re.compile(r'%s' % v).match(h)
        if m:
            match = m.groups()
            for i in range(len(args)):
                h = re.sub(match[i], self.makeSpan(
                    match[i], args[i]), h, 1)
    return h

def main(self, template=''):

    has_css_html = self.AddCssToHtml(self.md_html, self.css)
    return self.pygments(has_css_html) + template

def pygments(self, html):

    log('Mark span label with python syntax')
    ohtml = ''
    for h in html.split('\n'):
        ohtml += self.markHtml(h)
        ohtml += '\n'
    return ohtml
</code></pre>

<p>def checkSchema(schemadict, args):
    ‘'’Pythonic的检查schema’’’
    schema = Schema(schemadict)
    try:
        args = schema.validate(args)
    except SchemaError as e:
        raise
        exit(log(e, error=True))
    return args</p>

<p>def main():</p>

<pre><code>args = docopt(__doc__, version='1.0r1')

isLocal = args.get('--local')
hasConfig = args.get('--config')
theme = args.get('--theme')
if hasConfig:
    checkSchema({
        '--config': And(Use(str),
                        os.path.exists,
                        error='Invalid config format or not exists')
    }, {'--config': hasConfig}
    )
    yamlConfig = paserYaml(hasConfig)
    args.update(yamlConfig)
args.pop('--config')

if isLocal:
    checkSchema({
        '--local': And(Use(str), os.path.isdir,
                       lambda n: os.path.exists('{0}/{1}.css'.format(
                                                n, theme)), error=
                       'Invalid custom css dir or hasnot this theme'),
    }, {'--local': isLocal}
    )
    css_dict = cssStyle('local', isLocal, theme).main()
else:
    css_dict = cssStyle('crawler', theme).main()
args.pop('--local')
args.pop('--theme')
args = checkSchema({
    'MDFILE': os.path.exists,
    '--mailserver': Use(str, error='Invalid server format'),
    '--mailto': And(Use(str), lambda n: check_email(n),
                    error='Invalid email format'),
    '--subject': Or(Use(str), Use(unicode),
                    error='Invalid suject format'),
    '--password': Use(str, error='Invalid suject format'),
    '--cc': Or(None, And(Use(str), lambda n: check_email(n)),
               error='Invalid email format'),
    '--output': Or(False, lambda n: os.path.exists(
    os.path.dirname('{0}/{1}'.format(
    os.path.abspath('.'), n))),
        error='Dir must exists'),
    '--template': Or(None, os.path.exists, error='template must exists'),
    '--username': Use(check_email, error='Invalid username format'),
    '--help': Or(False, True),
    '--version': Or(False, True)
}, args)
do = FabricHtml(args['MDFILE'], css_dict)
cc = args['--cc'].split(',') if args['--cc'] else []

if args['--template']:
    with codecs.open(args['--template'], mode="r", encoding="utf-8") as f:
        html_content = do.main(f.read())
else:
    html_content = do.main()
if args['--output']:
    with codecs.open(args['--output'], mode="w", encoding="utf-8") as f:
        f.write(html_content)
        exit()

sendMail(
    args['--mailserver'],
    args['--username'],
    args['--password'],
    args['--mailto'].split(','),
    args['--subject'],
    html_content,
    cc
)
</code></pre>

<p>if <strong>name</strong> == ‘<strong>main</strong>’:</p>

<pre><code>main() ```
</code></pre>

]]></content>
  </entry>
  
</feed>
