<?xml version="1.0" encoding="utf-8"?>
<feed xmlns="http://www.w3.org/2005/Atom">

  <title><![CDATA[分类: chef | 小明明s à domicile]]></title>
  <link href="http://www.dongwm.com/blog/categories/chef/atom.xml" rel="self"/>
  <link href="http://www.dongwm.com/"/>
  <updated>2014-12-07T21:37:47+08:00</updated>
  <id>http://www.dongwm.com/</id>
  <author>
    <name><![CDATA[Dongweiming]]></name>
    
  </author>
  <generator uri="http://octopress.org/">Octopress</generator>

  
  <entry>
    <title type="html"><![CDATA[chef专题(一):安装chef]]></title>
    <link href="http://www.dongwm.com/archives/chef%E4%B8%93%E9%A2%98%E4%B8%80%E5%AE%89%E8%A3%85chef/"/>
    <updated>2011-04-15T00:00:00+08:00</updated>
    <id>http://www.dongwm.com/archives/chef专题一安装chef</id>
    <content type="html"><![CDATA[<p><strong>1  安装前准备:</strong>
<pre class="sh_bash">
1 确保hostname是FQDN格式:
[root@dongwm ~]# hostname -f
dongwm.okooo.com
2 查看iptables是否占用4000和4040端口,或者给这2个端口以权限
3 安装EPEL Yum Repository.
sudo rpm -Uvh http://download.fedora.redhat.com/pub/epel/5/i386/epel-release-5-4.noarch.rpm
3 安装ELFF Yum Repository. </pre>
<strong>2  安装server</strong>
<pre class="sh_bash">
sudo yum install chef-server-api  //安装
[root@zhouyq yum.repos.d]# rpm -e --nodeps rubygem-rest-client-1.6.1-2.el5 //可能这个被EPEL升级不能兼容,因为server需要的版本要小于1.5
wget http://rubygems.org/downloads/rest-client-1.3.1.gem   /下载合适的gem
[root@zhouyq yum.repos.d]# gem install ~/rest-client-1.3.1.gem --local  //本地安装,因为直接使用"gem install rest-client -v 1.3.1 "总是有问题
Successfully installed rest-client-1.3.1
1 gem installed
Installing ri documentation for rest-client-1.3.1...
Installing RDoc documentation for rest-client-1.3.1...</pre>
<strong>启动相关服务:</strong>
<pre class="sh_bash">
for service in couchdb rabbitmq-server chef-solr chef-solr-indexer chef-server
do
sudo /sbin/service $service start
sudo /sbin/chkconfig $service on
done
注:这里可能会出现问题 要是服务启动不了 可能是rest-client和hostname的关系
Starting database server couchdb
Starting rabbitmq-server: SUCCESS
rabbitmq-server.
Starting chef-solr:                                        [  OK  ]
Starting chef-solr-indexer:                                [  OK  ]
Starting chef-server:                                      [  OK  ]</pre>
<strong>测试见通的相关服务端口是否启动:</strong>
<pre class="sh_bash">
[root@zhouyq yum.repos.d]# netstat -tunlp|grep 5984
tcp        0      0 127.0.0.1:5984              0.0.0.0:*                    LISTEN      5609/beam.smp       //CouchDB服务
[root@zhouyq yum.repos.d]# netstat -tunlp|grep 5672
tcp        0      0 0.0.0.0:5672                0.0.0.0:*                   LISTEN      5661/beam.smp   //rabbitmq服务
[root@zhouyq yum.repos.d]# netstat -tunlp|grep 8983
tcp        0      0 :::8983                     :::*                        LISTEN      5740/java        //chef-solr服务
[root@zhouyq yum.repos.d]# netstat -tunlp|grep 4000
tcp        0      0 0.0.0.0:4000                0.0.0.0:*                   LISTEN      6207/merb : chef-se //主程序</pre>
<strong>安装chef的webgui:</strong>
<pre class="sh_bash">
yum install chef-server-webui &amp;&amp; /sbin/service chef-server-webui start &amp;&amp; /sbin/chkconfig chef-server-webui on
查看监听端口
[root@zhouyq yum.repos.d]# netstat -tunlp|grep 4040
tcp        0      0 0.0.0.0:4040                0.0.0.0:*                   LISTEN      6285/merb : chef-se </pre>
<strong>3 安装client</strong>
<pre class="sh_bash">yum install chef
root@client ~&gt; wget http://rubygems.org/downloads/rest-client-1.3.1.gem
root@client ~&gt; gem install ~/rest-client-1.3.1.gem --local
Successfully installed rest-client-1.3.1
1 gem installed
Installing ri documentation for rest-client-1.3.1...
Installing RDoc documentation for rest-client-1.3.1...
root@client ~&gt; /sbin/service chef-client start
Starting chef-client:                                      [  OK  ]
root@client ~&gt; /sbin/chkconfig chef-client on</pre>
<div id="livemargins_control" style="position: absolute; display: none; z-index: 9999;"><img style="position: absolute; left: -77px; top: -5px;" src="chrome://livemargins/skin/monitor-background-horizontal.png" alt="" width="77" height="5" /> <img style="position: absolute; left: 0; top: -5px;" src="chrome://livemargins/skin/monitor-background-vertical.png" alt="" /> <img id="monitor-play-button" style="position: absolute; left: 1px; top: 0; opacity: 0.5; cursor: pointer;" onmouseover="this.style.opacity=1" onmouseout="this.style.opacity=0.5" src="chrome://livemargins/skin/monitor-play-button.png" alt="" /></div>
<div class="zemanta-pixie"><img class="zemanta-pixie-img" src="http://img.zemanta.com/pixy.gif?x-id=f4be854d-40c5-8145-81a2-0a12f26e9cea" alt="" /></div></p>
]]></content>
  </entry>
  
</feed>
