<?xml version="1.0" encoding="utf-8"?>
<feed xmlns="http://www.w3.org/2005/Atom">

  <title><![CDATA[分类: vim | 小明明s à domicile]]></title>
  <link href="http://www.dongwm.com/blog/categories/vim/atom.xml" rel="self"/>
  <link href="http://www.dongwm.com/"/>
  <updated>2014-12-07T21:37:47+08:00</updated>
  <id>http://www.dongwm.com/</id>
  <author>
    <name><![CDATA[Dongweiming]]></name>
    
  </author>
  <generator uri="http://octopress.org/">Octopress</generator>

  
  <entry>
    <title type="html"><![CDATA[vary.vim-自动去掉行尾空格]]></title>
    <link href="http://www.dongwm.com/archives/vary-dot-vim-zi-dong-qu-diao-xing-wei-kong-ge/"/>
    <updated>2013-09-08T21:03:00+08:00</updated>
    <id>http://www.dongwm.com/archives/vary-dot-vim-zi-dong-qu-diao-xing-wei-kong-ge</id>
    <content type="html"><![CDATA[<h4 id="section">前言</h4>

<p>一直想改成emacs无奈工作需要效率，所以vim还没有完全放弃. 我想做python的同学很可能有我一样的困扰:</p>

<ol>
  <li>在维护别人的代码的时候发现有很多tab和空格混用或者行尾空格没有删除</li>
</ol>

<p>我以前可能没有注意这个问题，就是自觉的使用ed模式: :%s/\s+$//g和:retab，最近老大的一句话提醒
了我:他问我是否vim可以配置成自动模式? 以我对vim的了解它肯定不会介入个人的编辑,那么可能就要使用hook的方法.</p>

<p>这也就是我的<a href="https://github.com/dongweiming/vary.vim">vary.vim</a>的原理:当保存文件的时候(:w)自动执行命令.
其实我想你可能会问，为啥是我保存的时候而不是打开的时候呢?额 下面会讲到</p>

<h4 id="readme">安装配置请看项目的README</h4>

<p>安装后就算不配置默认只对python语言生效-团队和语言风格不同</p>

<h4 id="vim">修改我的vim插件</h4>

<p>我一直在想究竟哪种方式更合理(打开文件就修改还是保存的时候再修改),我默认是保存，但是其实你可以修改我的autocmd命令为:</p>

<p><code>bash
autocmd BufReadPost * :call StripTrailingWhite()
autocmd BufReadPost * :call RetabIndents()
</code></p>

<p>表示打开文件之前就修改，把修改后的结果呈现给你</p>
]]></content>
  </entry>
  
</feed>
