<?xml version="1.0" encoding="utf-8"?>
<feed xmlns="http://www.w3.org/2005/Atom">

  <title><![CDATA[分类: func | 小明明s à domicile]]></title>
  <link href="http://www.dongwm.com/blog/categories/func/atom.xml" rel="self"/>
  <link href="http://www.dongwm.com/"/>
  <updated>2014-12-07T21:37:47+08:00</updated>
  <id>http://www.dongwm.com/</id>
  <author>
    <name><![CDATA[Dongweiming]]></name>
    
  </author>
  <generator uri="http://octopress.org/">Octopress</generator>

  
  <entry>
    <title type="html"><![CDATA[安装使用Func一些总结]]></title>
    <link href="http://www.dongwm.com/archives/%E5%AE%89%E8%A3%85%E4%BD%BF%E7%94%A8func%E4%B8%80%E4%BA%9B%E6%80%BB%E7%BB%93/"/>
    <updated>2011-03-02T00:00:00+08:00</updated>
    <id>http://www.dongwm.com/archives/安装使用func一些总结</id>
    <content type="html"><![CDATA[<p>1  关于Func<strong>
func全称</strong><span style="font-family: Times New Roman,serif;"> </span><span style="font-size: x-small;">Fedora Unified Network Controller </span>,主要用在Radhat, Fedora,OpenSuse,Centos系列系统上由一个server管理任意台服务器的工具,<span style="font-size: x-small;">建立了</span><span style="font-size: x-small;">Master-Slaves </span><span style="font-size: x-small;">主从</span><span style="font-size: x-small;">SSL</span><span style="font-size: x-small;">证书管控体系，可以将证书自动分发到所有受控服务.</span>func直接发送远程命令或者远程获取数据,但是只适用于一些常用功能的模块的操作,实现其它功能需要自己写Python API,个人认为没有使用比较适当的"for do done"循环程序效果明确和方便.</p>

<p><strong>2  安装配置:</strong>
1  master端:
<pre class="sh_bash">#yum install func
#chkconfig --level 345 certmaster on &amp;&amp; service certmaster start</pre>
查看默认监听端口:
[root@server ~]# netstat -tunlp|grep 51235
tcp        0      0 0.0.0.0:51235               0.0.0.0:*                   LISTEN      9381/python
2  Minions端,也就是被控端:
<pre class="sh_bash">#yum install func</pre>
修改配置文件:
#vi /etc/certmaster/minion.conf
[main]
certmaster = master.dongwm.com //master端的域名
certmaster_port = 51235   //默认的监听端口
log_level = DEBUG
cert_dir = /etc/pki/certmaster
#chkconfig --level 345 funcd on &amp;&amp; service funcd start

验证证书:
<pre class="sh_bash">在master端:
#certmaster-ca --list   //等待验证的主机列表
client.dongwm.com
#certmaster-ca --sign   client.dongwm.com// 同意客户端验证</pre></p>

<p><strong>3  进行一些操作:</strong>
语法:
<pre class="sh_bash">func "想要操作的服务器或者服务器组的名字,支持正则" call 想要操作的模块及选项</pre>
以下操作
<pre class="sh_bash"># func "*.dongwm.com" call disk usage boot  //表达查看所有dongwm.com组(域)服务器的/boot分区情况
{'client.dongwm.com': {'/boot': {'available': '159177',
'device': '/dev/sda1',
'percentage': 14,
'total': '194442',
'used': '25226'}}}</pre></p>

<p><!-- 		@page { margin: 2cm } 		P { margin-bottom: 0.21cm } --><strong>4 其它一些内容(转载)</strong><span style="font-family: 宋体;"><span style="font-size: large;"><strong /></span></span></p>

<p>1  删除客户端主机
<pre class="sh_bash">certmaster-ca -c hostname
或
rm /var/lib/certmaster/certmaster/certs/hostname.cert</pre></p>

<p>2  一些常用模块使用命令:</p>

<p><pre class="sh_bash">2.1 CommandModule 模块
格式：
func hostname call command run command
2.2ServiceModule 模块
格式：
Func hostname call service start/stop/restart servername
2.3. HardwareModule 模块
格式：
func hostname call hardware info
如果不能执行一般是因为 smolt 没有安装
2.4 IPtablesModule 模块
格式：
func hostname call iptables command
例：
func “ssh-1″ call iptables policy func “ssh-1″ call iptables dump func “ssh-1″ call iptables.port drop_to 53 192.168.0.0/24 udp src
func ’ssh-1′ call iptables run “-L INPUT” func ’ssh-1′ call iptables policy OUTPUT DROP func ’ssh-1′ call iptables drop_from 192.168.0.10
格式： Func hostname call command run command
例： func ’ssh-1′ call command run ‘iptables -A INPUT -s 192.168.239.233 -j DROP’
2.5. JBossModule 模块
格式：
func hostname call jboss command
例：
func “*” call jboss status
func “*” call jboss check
func “*” call jboss search_by_instance “default“
func “*” call jboss search_by_address “127.0.0.1“
func “*” call jboss search_by_port 8080
2.6 ProcessModule 模块
格式：
Func hostname call process command
例：
func ssh-1 call process info “aux”
func ssh-1 call process mem
func ssh-1 call process kill httpd SIGHUP
2.7 SysctlModule 模块
格式：
Func hostname call sysctl command
例：
func ssh-1 call sysctl list
func “*” call sysctl get &lt;parameter&gt; func “*” call sysctl set &lt;parameter&gt; &lt;value&gt;
func ssh-1 call sysctl set net.ipv4.tcp_syncookies 1
2.8 RpmModule模块 ( =rpm –qa )
func ssh-1 call rpms inventory
2.9 SmartModule模块 ( 看硬盘信息 )
func ssh-1 call smart info
2.10YumModule模块
func ssh-1 call yumcmd update
func ssh-1 call command run ‘yum update’</pre></p>
]]></content>
  </entry>
  
</feed>
