<?xml version="1.0" encoding="utf-8"?>
<feed xmlns="http://www.w3.org/2005/Atom">

  <title><![CDATA[分类: fedora | 小明明s à domicile]]></title>
  <link href="http://www.dongwm.com/blog/categories/fedora/atom.xml" rel="self"/>
  <link href="http://www.dongwm.com/"/>
  <updated>2014-12-07T21:37:47+08:00</updated>
  <id>http://www.dongwm.com/</id>
  <author>
    <name><![CDATA[Dongweiming]]></name>
    
  </author>
  <generator uri="http://octopress.org/">Octopress</generator>

  
  <entry>
    <title type="html"><![CDATA[compiz 外挂插件欣赏和安装]]></title>
    <link href="http://www.dongwm.com/archives/compiz-%E5%A4%96%E6%8C%82%E6%8F%92%E4%BB%B6%E6%AC%A3%E8%B5%8F%E5%92%8C%E5%AE%89%E8%A3%85/"/>
    <updated>2011-05-27T00:00:00+08:00</updated>
    <id>http://www.dongwm.com/archives/compiz-外挂插件欣赏和安装</id>
    <content type="html"><![CDATA[<p><strong>其实很早就想写一篇关于compiz一个不为人知的插件的安装使用文章。很多人以为compiz就是那一些，其实在http://gitweb.compiz.org/上面有很多插件。不过有一些年代久远没人维护。网上可能有一些介绍这些插件的文章，只是停留在截图和简单地说明，包括ubuntu社区也没有相关的解释。作为一个菜鸟 呵呵 我来写一下：</strong>
<strong>视频地址：http://v.youku.com/v_show/id_XMjcwNDUyODQ0.html
视频顺序：wizard，trip，freewins，autumn，stars，snow，fireslies，bubbles，screensaver，dodge（非</strong>
<strong> “动画”里面的选项），ghost，贯穿始终的包括peek和mousetrails。因为我的电脑比较卡，显卡性能不行，没有展示立体效果的</strong>
<strong> photowheel和snowglobe以及extra-animations，anaglyph（需要3D眼镜）</strong>
<strong>1 前提知识准备：</strong>
cmake：和make类似，全名"cross platform make”。好像compiz在0.9.0以后编译系统都从automake换成cmake。
boost库：因为compiz再0.9.0以后重写了C 使用C++ 需要这个C++库
git：版本控制工具，linux之父所作！一般更新包文件都使用这个工具，我们要下载的compiz插件都是git版本控制</p>

<p><strong>2 前期准备：</strong>
dongwm@dongwm:~$sudo apt-get install git-core cmake libcairo2-dev librsvg2-dev libglib2.0-dev libpng12-dev libdbus-1-dev libboost-dev libxml2-dev libgl1-mesa-dev libglu1-mesa-dev libwnck-dev libgconf2-dev libx11-xcb-dev libxslt1-dev libnotify-dev libmetacity-dev libgnome-window-settings-dev libgnome-desktop-dev gnome-control-center-dev intltool cython  git
注 等以后安装过程中要是提示boost不存在或者怎么样 那就是libboost的库没有装全，我没有挨个研究，就把新立得关于boost相关的勾选了
<strong>3 安装思路</strong></p>

<p>所有的插件地址都在http://gitweb.compiz.org/ 点开每个链接 里面会有类似的地址：git://URL（一个地址）
然后我们在本地执行：
dongwm@dongwm:~$git clone git://URL
一下过程也可以实现：
dongwm@dongwm:~$cd 下载的插件的英文名称
dongwm@dongwm:~$mkdir build &amp;&amp; cd build &amp;&amp; cmake .. &amp;&amp; make &amp;&amp; make install
其中的autumn，snow，气泡等插件都是compiz/plugins-unsupported里面集成了！但是默认不在compiz目录下需要执行以下命令（注意  修改为你实际的家目录，我的用户是dongwm 所以家目录是/home/dongwm，而.compiz-1目录不知道是不是也是同名，反正是“.”开头的compiz目录，如果下面的目录有plugins，metadata等说明就是这个目录）：</p>

<p>cp /usr/local/lib/compiz/lib* /home/dongwm/.compiz-1/plugins/
cp /usr/local/share/compiz/* /home/dongwm/.compiz-1/metadata/ -rp</p>

<p>问题解决：</p>

<p>/usr/bin/ld: cannot find -lGL
/usr/bin/ld: cannot find -lGL
collect2: ld returned 1 exit status
make[2]: *** [libfreewins.so] 错误 1
make[1]: *** [CMakeFiles/freewins.dir/all] 错误 2</p>

<p>cd  /usr/lib/
sudo mv libGL.so libGL.so.bak
sudo ln -s libGL.so.1 libGL.so</p>

<p>&nbsp;</p>
]]></content>
  </entry>
  
  <entry>
    <title type="html"><![CDATA[fedora 3D效果实现]]></title>
    <link href="http://www.dongwm.com/archives/fedora-3d%E6%95%88%E6%9E%9C%E5%AE%9E%E7%8E%B0/"/>
    <updated>2011-05-08T00:00:00+08:00</updated>
    <id>http://www.dongwm.com/archives/fedora-3d效果实现</id>
    <content type="html"><![CDATA[<p>很多会觉得这个有什么可写的。。的确，在ubuntu，opensuse下都是很简单就可以实现的。尤其是suse的ymp一键安装^.^，但是fedora有点问题，因为第一他默认已经安装了一个驱动nouveau，需要先把它禁掉，然后安装你的电脑配置的显卡驱动，这个需要自己去找，然后去官网下载再安装：
过程如下：
1 查找下载电脑的显卡品牌型号：
<pre class="sh_bash">[root@dongwm dongwm]# lspci | grep VGA
00:0d.0 VGA compatible controller: nVidia Corporation C61 [GeForce 6150SE nForce 430] (rev a2)
这是nvidia驱动，在官网选择以下信息搜索：
产品类型-GeForce --产品系列-GeForce 6 Series -- 产品家族 GeForce 6150SE nForce 430 --操作系统 Linux32-bit --语言 Chinese
然后下载。</pre>
2 禁用nouveau驱动 （网上的方法都是抄人家的，结果还没抄完。。）
<pre class="sh_bash">1 编辑grub配置
vi /boot/grub/grub.conf
在操作系统的kernel 哪行 末尾 加一句:rdblacklist=nouveau
类似这样 ：
kernel /boot/vmlinuz-2.6.35.6-45.fc14.i686 ro root=UUID=7e01d298-0882-4484-b9e9-4da41ccb5308 rd_NO_LUKS rd_NO_LVM rd_NO_MD rd_NO_DM LANG=zh_CN.UTF-8 KEYTABLE=us rhgb quiet rdblacklist=nouveau
2 设置模块加载黑名单：
vi /etc/modprobe.d/blacklist.conf
1 注释   blacklist nvidiafb
#  blacklist nvidiafb
2 最后添加一行：
blacklist nouveau
3 <span style="color: #ff0000;">这里是关键</span>，dracut 在fedora12以后就取代 initrd 成为新的引导系统：
# mv /boot/initramfs-$(uname -r).img /boot/initramfs-$(uname -r)-nouveau.img
# dracut /boot/initramfs-$(uname -r).img $(uname -r)  //重新生成引导系统</pre></p>

<p>3 修改为开机自动文本启动，因为不能打开X窗口，这里也可以编辑开机启动文件选项，因为我需要重启2次  就直接了：
<pre class="sh_bash"> cat /etc/inittab
id:3:initdefault:   //5是启动Xwindows 3是文本启动</pre>
4  下载内核头文件和dkms，因为yum环境下kernel-devel永远是最新的版本，这样安装的就和内核版本不一样，安装驱动时候是找不到头文件的，所以需要指定一下具体的版本：
<pre class="sh_bash">[root@dongwm dongwm]# rpm -qa |grep kernel
kernel-headers-2.6.35.12-90.fc14.i686
kernel-2.6.35.6-45.fc14.i686
然后下载同一个版本的：
yum install kernel-devel-2.6.35.6-45.fc14.i686  dkms -y</pre>
5  重启后检查是不是有nouveau
<pre class="sh_bash">lsmod|grep nouveau

<p>6 没有就可以安装驱动了：
<pre class="sh_bash">sh /home/dongwm/NVIDIA-Linux-x86-270.41.06.run
安装后重启</pre>
7 下载3D需要的compiz等工具：
<pre class="sh_bash">yum install compiz compiz-fusion* fusion* emerald emerald-themes avant-window-navigator</pre></p>

<p>在系统工具中有那个熟悉的蓝色图标喽</p>
</pre></p>
]]></content>
  </entry>
  
  <entry>
    <title type="html"><![CDATA[fedora ubuntu 添加对方grub菜单]]></title>
    <link href="http://www.dongwm.com/archives/fedora-ubuntu-%E6%B7%BB%E5%8A%A0%E5%AF%B9%E6%96%B9grub%E8%8F%9C%E5%8D%95/"/>
    <updated>2011-05-01T00:00:00+08:00</updated>
    <id>http://www.dongwm.com/archives/fedora-ubuntu-添加对方grub菜单</id>
    <content type="html"><![CDATA[<p><strong>这几天折腾ubuntu11.04，结果把我的opensuse弄坏了...索性直接换成了fedora。乘机研究了下grub2，以及各个操作系统之间的启动菜单的一些特性。
1 先fedora，后ubuntu
进入ubuntu系统：
<pre class="sh_bash">sudo grub-install /dev/sda //安装grub到硬盘mbr，一般系统会自动搜索到
sudo update-grub2  //更新grub.cfg</pre>
进入ubuntuliveCD：
<pre class="sh_bash">sudo su
mount /dev/sdaX /mnt //挂载系统文件 我这里是根分区
mount /dev/sdaY /tmp/boot  //挂载boot分区
cp -rp /tmp/boot/* /mnt/boot //我直接挂载/mnt/boot有问题，所以用这种简介方式，把/boot文件考到/mnt/boot下
grub-install --root-directory=/mnt /dev/sda --force   //强制安装grub到硬盘mbr root目录是指定的/mnt
update-grub2  //更新grub.cfg
注：mbr信息可以执行如下脚本取得：
http://nchc.dl.sourceforge.net/project/bootinfoscript/bootinfoscript/0.55/boot_info_script055.sh

<p><strong>
</strong></p>

<p><strong>2 先</strong><strong>ubuntu</strong><strong>，后</strong><strong>fedora</strong></p>

<p><pre class="sh_bash">sudo gedit /boot/grub/menu.lst
title Ubuntu
root (hd0,9)  //根目录所在分区，根据上面的脚本自己调整
kernel /vmlinuz-2.6.38-8-generic root=UUID=7319d96d-4c6e-4e00-84b4-f5ed70052456 ro   quiet splash vt.handoff=7
可以直接把ubuntu分区上的grub.cfg上的相同字段 linux 行的内容复制
initrd /initrd.img-2.6.38-8-generic //复制ubuntu分区上的grub.cfg上的相同字段 /initrd 内容</pre></p>
</pre></strong></p>
]]></content>
  </entry>
  
</feed>
