<?xml version="1.0" encoding="utf-8"?>
<feed xmlns="http://www.w3.org/2005/Atom">

  <title><![CDATA[分类: linux一行代码技巧 | 小明明s à domicile]]></title>
  <link href="http://www.dongwm.com/blog/categories/linux[?]-xing-dai-ma-ji-qiao/atom.xml" rel="self"/>
  <link href="http://www.dongwm.com/"/>
  <updated>2014-12-07T21:37:47+08:00</updated>
  <id>http://www.dongwm.com/</id>
  <author>
    <name><![CDATA[Dongweiming]]></name>
    
  </author>
  <generator uri="http://octopress.org/">Octopress</generator>

  
  <entry>
    <title type="html"><![CDATA[linux技巧]]></title>
    <link href="http://www.dongwm.com/archives/linuxjiqiao/"/>
    <updated>2012-05-10T00:00:00+08:00</updated>
    <id>http://www.dongwm.com/archives/linuxjiqiao</id>
    <content type="html"><![CDATA[<p><strong>1 cat ~/.ssh/id_rsa.pub | ssh －p port user@server "cat - &gt;&gt; ~/.ssh/authorized_keys"  #ssh-copy-id类似</strong></p>

<p><strong>2 awk 'BEGIN{srand()}{a[NR,rand()]=$0}END{y=0;for(i in a){print a[i];y++;if(y==num){exit;}}}'  file #从file中随机出num行显示出来</strong></p>

<p><strong>3 sorted(dict.iteritems(), key=lambda d:d[1],reverse =True) #将字典dict以value按从大到小的顺序排序（python）</strong></p>

<p><strong>4 history | awk '{a[$2]++}END{for(i in a){print a[i] " " i}}' | sort -rn | head #最常用的10条命令</strong></p>

<p><strong>5 heapq.nlargest(10, d.iteritems(), operator.itemgetter(1)) #字典排序，返回根据value从大到小前十</strong></p>

]]></content>
  </entry>
  
</feed>
