<?xml version="1.0" encoding="utf-8"?>
<feed xmlns="http://www.w3.org/2005/Atom">

  <title><![CDATA[分类: django-extensions | 小明明s à domicile]]></title>
  <link href="http://www.dongwm.com/blog/categories/django-extensions/atom.xml" rel="self"/>
  <link href="http://www.dongwm.com/"/>
  <updated>2014-12-07T21:37:47+08:00</updated>
  <id>http://www.dongwm.com/</id>
  <author>
    <name><![CDATA[Dongweiming]]></name>
    
  </author>
  <generator uri="http://octopress.org/">Octopress</generator>

  
  <entry>
    <title type="html"><![CDATA[怎样不退出交互模式自动reload模块]]></title>
    <link href="http://www.dongwm.com/archives/how-to-not-exit-interactive-mode-autoreload/"/>
    <updated>2013-05-24T11:54:00+08:00</updated>
    <id>http://www.dongwm.com/archives/how-to-not-exit-interactive-mode-autoreload</id>
    <content type="html"><![CDATA[<h4 id="section"><em>前言</em></h4>

<p>我想做python开发的人尤其是django开发都会有一种经历:进入python交互模式(直接 执行python回车)或者进入django-shell调试某功能，然后修改源码，退出交互模式或者djangoshell，重新进入在吧那些模块一一import… 问题是什么呢？浪费时间，为啥不像web 框架那样修改源码自动reload？ </p>

<p>本来我花了2个多礼拜一直在做这件事情，其实原理就是封装ipython到我的shell，然后在我的shell加这个autoreload功能，但是昨晚看ipython源码发现：ipython早已经实现了…</p>

<p>我的系统的实现的源码文件是 /usr/lib64/python2.7/site-packages/IPython/Extensions/ipy_autoreload.py</p>

<h4 id="ipython">在ipython交互模式实现</h4>

<p>和ipython版本有关，大于0.11 这样加载</p>

<p><code>
%load_ext autoreload
%autoreload 2
</code>
小于0.11的就要这样加载
<code>
import ipy_autoreload
%autoreload 2
</code></p>

<h4 id="ipython-1">ipython交互模式自动加载</h4>

<p>你总不像每次进入ipython都执行这么2句吧, 那么可以加到ipython的自定义配置里面.因操作系统和ipython版本不同，ipython的用户自定义目录有所不同，增加的配置也 有所不同</p>

<p>首先创建ipython个人配置 </p>

<p><code>
ipython profile create
</code></p>

<p>gentoo ~/.ipython  ipython :0.10.2 </p>

<p>配置文件是.ipython/ipy_user_conf.py 添加</p>

<p>```
import ipy_autoreload
o.autoexec.append(‘%autoreload 2’)</p>

<p>```</p>

<p>opensuse ~/.config/ipython  :0.13</p>

<p>配置文件是~/.config/ipython/profile_default/ipython_config.py</p>

<p><code>
c.InteractiveShellApp.exec_lines.append('%load_ext autoreload')
c.InteractiveShellApp.exec_lines.append('%autoreload 2')
</code></p>

<h4 id="django-shell">Django shell的实现</h4>

<p>遗憾的是改django源码中的core/management/commands/shell.py,没有提供自动reload,但是当你修改了ipython配置 他也是会起作用(这个操作系统有关，下面我会说不起作用的geek方法)</p>

<p>PS： 你还可以使用<a href="https://github.com/dongweiming/django-extensions">django-extensions</a>中的shell_plus.py</p>

<h4 id="ipythonbpythonpythondjango-shell">当你系统有ipython,bpython和默认的python，django shell选择的顺序</h4>

<ul>
  <li>
    <p>当你系统没有ipython和bpython，那么就会选择默认的python</p>
  </li>
  <li>
    <p>上面说的shell_plus的遍历列表顺序是bpython-&gt;ipython  </p>
  </li>
  <li>
    <p>django自带的shell的遍历顺序是ipython-&gt;bpython</p>
  </li>
</ul>

<p>上面说djangoshell不起作用怎么办？首先看了django/ipython源码(0.13.2)，其实djangoshell甚至django-extensions里面的shell_plus都没有问题，关键是ipython的问题</p>

<p>我只说在用户配置里面的外部模块为啥没有正确执行</p>

<p>ipython进入交互模式的流程</p>

<ol>
  <li>当调用ipython，都是通过IPython.frontend.terminal.ipapp的launch_new_instance函数开始</li>
  <li>通过IPython.core.shellapp的InteractiveShellApp类里面的init_code方法去初始化启动后的加载</li>
  <li>在init_code方法会执行self._run_exec_lines(),这个就是上面的模块导入执行</li>
</ol>

<p>djangoshell进入交互模式的流程</p>

<ol>
  <li>通过IPython.frontend.terminal.embed的TerminalInteractiveShell类开始</li>
  <li>在TerminalInteractiveShell初始化中,没有执行上面的第三条</li>
</ol>

<p>解决办法就是暴力修改IPython/frontend/terminal/interactiveshell.py源码 给他加上模块初始化的操作</p>

<p>在326行开始的地方，这样添加一段(包含存在的代码帮你你理解在什么位置添加代码,也就是下面的3-8行)</p>

<p><code>
self.init_usage(usage)                                                 
self.init_banner(banner1, banner2, display_banner) 
exex_lines = self.config['InteractiveShellApp']['exec_lines']          
for line in exex_lines:                                                
    try:                                                                        
        self.run_cell(line, store_history=False)                       
    except:                                                                     
        pass
#-------------------------------------------------------------------------          
# Overrides of init stages                                                          
#-------------------------------------------------------------------------
</code></p>

]]></content>
  </entry>
  
</feed>
