<?xml version="1.0" encoding="utf-8"?>
<feed xmlns="http://www.w3.org/2005/Atom">

  <title><![CDATA[分类: gentle | 小明明s à domicile]]></title>
  <link href="http://www.dongwm.com/blog/categories/gentle/atom.xml" rel="self"/>
  <link href="http://www.dongwm.com/"/>
  <updated>2014-12-07T21:37:47+08:00</updated>
  <id>http://www.dongwm.com/</id>
  <author>
    <name><![CDATA[Dongweiming]]></name>
    
  </author>
  <generator uri="http://octopress.org/">Octopress</generator>

  
  <entry>
    <title type="html"><![CDATA[gentle - 帮助你快速部署代码到测试环境]]></title>
    <link href="http://www.dongwm.com/archives/gentle-quickly-submit-code-to-the-test-environment-tools/"/>
    <updated>2013-12-02T21:58:00+08:00</updated>
    <id>http://www.dongwm.com/archives/gentle-quickly-submit-code-to-the-test-environment-tools</id>
    <content type="html"><![CDATA[<h4 id="section">前言</h4>

<p>我想很多开发的同学都经历过这样的开发流程:</p>

<ul>
  <li>本地修改代码</li>
  <li>把代码推到测试环境</li>
  <li>重启测试环境需要的服务</li>
  <li>本地看效果,改bug重复1-3</li>
  <li>功能稳定后上线</li>
</ul>

<p>这个过程有什问题呢?</p>

<ul>
  <li>
    <p>假设你是一个做过运维或者能力很强的人,比如我这种,本地跑测试环境,但是假如一个新人,或者对测试环境中的某些
部分不是很了解的人, 甚至需要和生产环境完全一样的条件下, 本地可能就不好使了. 那么这需要一个测试服务器</p>
  </li>
  <li>首先你每次修改代码, push ,重启环境都需要你登陆测试环境,至少不够自动化.然后退回本地看效果,这个过程有点浪费时间和经理</li>
  <li>其次是你可能有好几个项目,他们之间可能都没什么共通点. 你需要多个测试环境</li>
  <li>当然你可以写几个脚本,为你每个测试环境写一个东西去自动化这些，未尝不可. 只是需要重复造很多轮子</li>
  <li>假如为了安全有跳板机,你需要登陆跳板机才能跳到你的测试服务器,你可能要写很复杂的expect脚本</li>
</ul>

<p>然后是我认为最重要的:</p>

<p><strong>凡是屁大点事就放个deamon的运维都是耍流氓, 就拿小屁几台服务器还搞神马salt, ansible之类的事情,真是太无聊了.</strong></p>

<p>这些东西帮助你做了很多事情,但是会让你变得更懒.而且重要的是-它们写的并不一定只符合你的需要或者就不符合你的需要. 我喜欢简单粗暴的实现,最近在看<a href="https://github.com/fabric/fabric">fabric</a>的代码, 作为做过op,也给<a href="https://github.com/saltstack/salt">salt</a>贡献过代码的我,写了这个东西: <a href="https://github.com/dongweiming/gentle">gentle</a>, 帮助我自动化提交代码到我的测试环境. 这个东西是我认为符合我需要，或者大部分开发同学需要的小东西,基于fabric, <a href="https://github.com/docopt/docopt">docopt</a> 和yaml.</p>

<h4 id="section-1">我的工作的一些特点</h4>

<p>我负责几个项目, 它们有以下特点</p>

<ul>
  <li>项目在不同的机房, 有完整的测试环境和相关数据</li>
  <li>项目依赖的服务基本不同,比如有的使用了supervisor, 有的是程序fork后退出了父进程;有的使用了nginx+uwsgi,有的就是nginx+服务等.</li>
  <li>项目之间需要的依赖应用不同,且启动顺序有区别. 这个很好理解, 启动需要先启动A,再启动B,才能启动C</li>
  <li>项目有的需要登陆跳板机</li>
</ul>

<h4 id="section-2">我以前的个人的开发习惯和流程</h4>

<ul>
  <li>我有一个专门的存放服务配置的目录, 后缀是ip或者项目的名字. git版本库, 每次更新后上传到测试环境</li>
  <li>我有专门的op PATH, 做了很多alias, 都是一些python或者shell的脚本,用来同步测试环境,登陆测试环境撑起服务的脚本</li>
</ul>

<p>看起来以前用的也不错. 但是gentle能怎么样提高呢?</p>

<h4 id="gentle">gentle的开发流程</h4>

<ul>
  <li>切换到你要开发的目录</li>
  <li>初始化这个目录,其实就是在当前目录增加一个.gentle.yaml</li>
  <li>根据你的需要配置测试环境账号ip密码, 想要同步的目录, 需要重启的服务和优先级已经命令</li>
  <li>以后每次只需在这个目录下,使用<code>gt publish</code> 或者更懒 <code>gt p</code>, 他就会帮你自动rsync然后重启相关服务.</li>
</ul>

<p>具体使用可以去我的github或者<a href="http://gentle.readthedocs.org/en/latest/">readthedocs.org</a></p>

<h4 id="section-3">安装和依赖</h4>

<p>我已经放到了pypi, 你可以使用pip或者easy_install</p>

<p><code>python
sudo pip install gentle
</code></p>

<p>这样在系统环境下会有一个<code>gt</code>命令</p>

<p>fabric有2个对于项目更新的函数,一个是rsync_project,一个是upload_project, upload是把项目压缩在服务器上解压缩,实际上很浪费时间,但是rsync_project不能使用env.password,需要手动输入一次密码,都很不爽,我找到一个解决办法就是<code>sshpass</code>, 帮助自动输入rsync的密码, 我也给fabric提了PR. 我的项目使用了我个人的改进版的rsync_project</p>

<p>如果你是ubuntu 直接:</p>

<p><code>
sudo apt-get install sshpass
</code></p>

<p>其他操作系统可以在这里下载 http://sourceforge.net/projects/sshpass/ 然后编译</p>

<p><code>
tar zxvf sshpass-1.05.tar.gz &amp;&amp; cd sshpass-1.05 &amp;&amp; ./configure &amp;&amp;
make &amp;&amp; sudo make install
</code></p>

<h4 id="section-4">一个我的测试环境的例子, 我加注释说明</h4>

<p><code>python
host: 192.168.3.11 #测试服务器, 格式是user@host:port
password: dongwmspassword #登录服务器需要的密码
gateway: #可以不存在,中间服务器,格式是user@host:port
gatewaypassword: #中间服务器(jump跳板机)的密码
rsync: #这个操作是rsync
  lpath: $ROOT #你可以使用全路径, $ROOT表示当前路径,本地目录
  rpath: /opt/tornado # 测试环境的目录
services: # 每个段落就是一个服务,这里有nginx和supervisor
  nginx:
    command: kill -9 `ps -ef |grep nginx|grep -v grep|awk '{print $2}'` &amp;&amp; /opt/nginx/sbin/nginx #启动的命令
    lpath: /usr/local/etc/nginx/nginx.conf #nginx.conf的本地地址
    priority: 1 #优先级越高越先执行
    rpath: /opt/nginx/conf/nginx.conf #测试环境的nginx.conf路径
    sudo: false # 因为这个环境很宽松 不需要sudo
    user: #sudo使用的用户,默认是登陆的用户
  supervisor:
    command: supervisorctl -c /etc/supervisor/supervisord.conf reload
    lpath: /Users/dongwm/settings/supervisord.conf.31
    priority: 2
    rpath: /etc/supervisor/supervisord.conf
    sudo: false
    user:
username: root #登陆服务器的默认用户, 你可以在使用host的时候指定用户
</code></p>

<h4 id="issuepr">欢迎给我issue和PR</h4>

<h4 id="todo">TODO</h4>

<ul>
  <li>因为很多人会用到跳板机,我想加入跳板机的用法, 看起来就像直接在本地操作远程一样 # 更新2013-12-03 完成</li>
  <li>设置输出是否隐藏,目前保留就是为了让我看到执行的过程</li>
  <li>设置支持多测试环境一起部署,或者说让生成环境的部署一样方便</li>
</ul>
]]></content>
  </entry>
  
</feed>
